name,firstname
Fontanet,JeanBaptiste
Airault,Pierre
Vignocan,Joshua
Malet,Noemie
Norris,Galena
Berg,Cameron
Sims,Ferdinand
Sherman,Joseph
Walters,Kieran
Gallagher,Dorothy
Hopper,Malik
Hart,Velma
Cooley,Eagan
Hudson,Vincent
Stuart,Ebony
Chambers,Ian
Garza,Kylee
Mcdonald,Cameran
Barrera,Eliana
Vargas,Ruby
Alexander,Jack
Parsons,Acton
Aguilar,Yoshio
Moreno,Kermit
Mcintosh,Merritt
Sanchez,Myra
Aguirre,Kay
Bradley,Kelsie
Drake,Melinda
Daniels,Tobias
Blevins,Xander
Mercer,Ignatius
Page,Chava
Dawson,Craig
Hill,Jasper
Gentry,Axel
Cabrera,Flynn
Mclaughlin,Tashya
Buck,Aurelia
Mccullough,Octavius
Hopkins,Gail
Wong,Garth
Schroeder,Sawyer
Beard,Keane
Aguirre,Hermione
York,Sonia
Warner,Jelani
Bridges,Rigel
Rogers,Wynter
Myers,Kyla
Ayers,Clementine
Carney,Nathan
Gomez,Britanney
Ortega,Perry
Richmond,Iona
Noble,Sydnee
Holloway,Mercedes
Melton,Wanda
Lewis,Ursula
Torres,Charity
Rios,Laura
Beasley,Quinlan
Eaton,Reese
Dawson,Alden
Clay,Lucy
Bentley,Jessamine
Mcconnell,Candace
Buchanan,Harper
Cruz,Linda
Humphrey,Caleb
Harvey,Freya
Ball,Kiona
Brooks,Abraham
Nichols,Jaime
Kirby,Kai
Dawson,Samuel
Sharpe,Hayden
Rich,Quynn
Le,Lesley
Aguilar,Ariana
Anderson,Brielle
Wade,Cain
Charles,Chadwick
Galloway,Daniel
Bradford,Armando
Lopez,Paul
Hamilton,Tyler
Swanson,Caesar
Curtis,Chaney
Chambers,Ulysses
Travis,Devin
Church,Lael
Ferrell,Emerald
Lawrence,Elmo
Luna,Chancellor
Cooley,Daphne
Holt,Ruby
Rodriquez,Armand
Jimenez,Orla
Burke,Isadora
Houston,Christian
Acevedo,Germaine
Calderon,Calista
Palmer,Winter
Conley,Lisandra
Pitts,Dominique
Cooke,Walker
Harvey,Austin
Patel,Gregory
Higgins,Michael
Potts,Troy
Bryan,Calista
Gutierrez,Miranda
Cochran,Garth
Bond,Armando
Colon,Ryder
Gray,Marvin
Dillard,Jordan
Lang,Serina
Conley,Jasper
Snyder,Mannix
Clemons,Adrienne
Harper,Chelsea
Cherry,Bradley
Noble,Stacy
Orr,Iona
Walls,Jason
Ross,Xaviera
Dickerson,Xanthus
Hayden,Gannon
Sawyer,Shelly
Rogers,Lillith
Rutledge,Zachery
Mercer,Beck
Avila,Conan
Crosby,Maryam
Harmon,Addison
Mullen,Jordan
House,Petra
Noble,Erich
Medina,Francesca
Weber,Phoebe
Marsh,Lenore
Holloway,Mallory
Chase,Laith
Preston,Isadora
Byrd,Ciaran
Crawford,Driscoll
Carver,Karleigh
Grant,Rina
Young,Hillary
Riddle,Sage
Price,Steven
Daniels,Mallory
Walter,Cally
Stephens,Eleanor
Malone,Asher
Hayes,Carl
Farley,Jocelyn
Kirby,Regina
Mullen,Uriah
Atkins,Brenden
Wood,Clinton
Donaldson,Hayes
Frost,Justin
O'Neill,Dean
Michael,Kylan
Cruz,Gwendolyn
Orr,Connor
Prince,Camille
Mcleod,Edan
Buck,Chester
Mcclain,Scarlet
Ortega,Kasimir
Lowery,May
Craig,Reece
Randolph,Gil
Hansen,Bo
Conley,Anjolie
Mccarty,Dara
Arnold,Amal
Garcia,Upton
Underwood,Kelly
Bridges,Candace
Jackson,Rhoda
Mcbride,McKenzie
Leach,Ora
Stuart,Tiger
Espinoza,Lila
Pacheco,Basia
Townsend,Kirk
Phillips,Kylynn
Carlson,Kay
Simmons,Valentine
Steele,Keane
Molina,Rhiannon
O'brien,Virginia
Murphy,Charity
Skinner,Kylie
Stevenson,Olga
Cantu,Kirk
Peterson,Darius
Ochoa,Abra
Frederick,Jackson
Sharp,Quintessa
Barlow,Dalton
Jimenez,Vivian
Rosario,Emi
Blake,Malik
Ferguson,Madeson
Matthews,Zachary
Castro,Sacha
Castaneda,Hamish
Stanley,Davis
Ryan,Xavier
Kennedy,Jakeem
Williamson,Lillith
Cochran,Shellie
Bryan,Zane
Williams,Kaseem
Mack,Anthony
Spears,Callum
Bean,Fitzgerald
Banks,Cooper
Castillo,Ivana
Wiggins,Madison
Nixon,Elliott
Burks,Ross
Bullock,Ralph
Blevins,Owen
Gross,Willa
Duffy,Justine
Pollard,Grady
Flores,Zia
Barber,Molly
Hernandez,Raven
Curtis,Whilemina
Howe,Marvin
Vega,Hector
Mathis,Dane
Travis,Kyle
Evans,Karyn
Britt,Rhona
Rivera,Harrison
Patel,Demetria
Buck,Phyllis
Bowers,Preston
Dillon,Adrienne
Mosley,Vanna
Riley,Ella
Fletcher,Hedley
Jordan,Upton
Singleton,Yuri
Mercado,Ruth
Church,Julian
Bean,Imogene
Reyes,Hoyt
Walker,Claudia
Trujillo,Raphael
Ortiz,Bell
Mccarty,Barrett
Moran,Germaine
Acevedo,Zeus
Shaw,Briar
Sanford,Nita
Sanchez,Carl
Hurley,Hoyt
Spence,Jaden
Roth,Rashad
Mclaughlin,Madeson
Larson,Talon
Clayton,Hyatt
Bennett,Melyssa
Salas,Ramona
Erickson,Martina
Reed,Glenna
Griffith,Inga
Terrell,Lael
Roman,Jorden
Jensen,Nadine
Key,Jocelyn
Hopkins,Kenneth
Hartman,Stephen
Smith,Cecilia
Herrera,Dalton
Ellison,Haviva
Hunt,Jin
Peterson,Kimberley
Shelton,Cynthia
Mcdonald,Indigo
Stephenson,Kareem
Melton,Brody
O'Neill,Jeanette
Hoover,Jermaine
Battle,Walker
Kemp,Maisie
Morrison,Kyle
Page,Kamal
Landry,Jack
Rasmussen,Cecilia
Battle,Ariel
Douglas,Simone
Walker,Megan
Travis,Ethan
Levy,Alyssa
Hill,Vanna
Tran,Wade
Taylor,Quamar
Meyers,Macaulay
Andrews,John
Callahan,Jolene
Bowen,Harriet
Craig,Francesca
Horn,Fulton
Schmidt,Mollie
Wong,Marsden
Nichols,Nicholas
Hopper,Sasha
Camacho,Jared
Rowland,Damian
Gutierrez,Jameson
Hogan,Chanda
Parsons,Ruby
Owen,Griffin
Chaney,Ava
Cooke,Jillian
Hull,Carson
Murphy,Cecilia
Stein,Wade
Lindsay,Meghan
Zamora,Sophia
Moody,Alexa
Le,Nissim
Michael,Macon
Mclaughlin,Nichole
Alvarado,Tashya
Rowland,Stephanie
House,Virginia
Berry,Ulysses
Shannon,Allen
Gray,Trevor
Miles,Seth
Morales,Gregory
Mcmahon,Carl
Rollins,Oscar
Mullins,Inez
Walter,Ainsley
Garner,Anthony
Frye,Regan
Mccall,Carla
Cook,Kaseem
Bryan,Wade
Dale,Ivy
Stuart,Guinevere
Beard,Isabella
Davidson,Desirae
Horn,Brady
Powell,Kalia
Waller,Serena
Duran,James
Franklin,Phelan
Fleming,Hannah
Velasquez,Reagan
Harrell,Clinton
Wiley,Flynn
Lee,Leandra
Roth,Deacon
Chaney,Scott
Mcmahon,Scarlett
Mcclure,Zenaida
Tate,Guy
Copeland,Amber
Buckley,Chancellor
Moran,Ahmed
Farmer,Kylynn
Herrera,James
Barrett,Fritz
Foley,Guinevere
Livingston,David
Petty,Zahir
Lewis,Priscilla
Battle,Kasimir
Valencia,Anika
Adkins,Dawn
Durham,Illiana
Guthrie,Iola
Coleman,Chancellor
Garner,Shoshana
Anthony,Summer
Blanchard,Clarke
Keller,Randall
Hull,Kirby
Harding,Slade
Blair,Donna
Avery,Francesca
Lott,Melanie
Hubbard,Reuben
Roth,Skyler
Payne,Tyrone
Wilder,Patrick
Dillon,Vincent
Velez,Justine
Soto,Meghan
Mayer,Mallory
Conway,Calvin
Rivers,Iona
Durham,Kylan
Hester,Driscoll
Mason,Colleen
Crawford,Cassandra
Leblanc,Rowan
Levine,Magee
Bryan,Cassandra
Burt,Merrill
French,Owen
Freeman,Warren
Vinson,Lane
Gomez,Sierra
Hays,Blossom
Kline,Quin
Butler,Xyla
Davenport,Holly
Ward,Oliver
Vance,Quon
Ellis,Basil
Horne,Iliana
Avila,Arden
Bishop,Jesse
Hess,Kirsten
Parrish,Tatiana
Stone,Rama
Whitney,Amaya
Mejia,Lamar
Green,Magee
Price,Lillith
Stafford,Quintessa
Stokes,Violet
Wiggins,Fiona
Lawrence,Aladdin
Lindsay,Armando
Harrison,Camille
Moon,Veronica
Duran,Lila
Bond,Chiquita
Reese,Ella
Pate,Selma
Farmer,Jelani
Berry,Trevor
Jordan,Howard
Patrick,Rebecca
Doyle,Matthew
Lancaster,Sean
Mcfarland,Eagan
Moss,Naida
Gay,Ferdinand
Kim,Galvin
Miller,Reese
Bonner,Kane
York,Kareem
Wynn,Sierra
Ochoa,Kai
Wyatt,Leila
Webb,Galvin
Middleton,Colette
Mcfadden,Cyrus
Knight,Hyatt
Lara,Caleb
Parker,Adena
Wilson,Lawrence
Tanner,Carol
Oneal,Clayton
Cohen,Wendy
Potts,Addison
Gaines,Cheryl
Mckee,Orli
Gardner,Graham
Graham,Aladdin
Wilkins,Joel
Kirk,Ramona
Rogers,Christen
Franco,Lucy
Spears,Remedios
Leblanc,Gretchen
Kane,Camille
Cain,Gil
Thompson,Rylee
Norman,Louis
Potter,Amos
Conner,Abel
Diaz,Gloria
Stephenson,Claire
Valdez,Megan
Dyer,Alvin
Lawrence,Theodore
Duran,Vanna
Greene,Chanda
Mccarthy,Wilma
Francis,Orlando
Petty,Kylynn
Franco,Giselle
Holland,Jana
Booth,Murphy
Gutierrez,Quentin
Barrera,Nelle

Mcfarland,Colin
Dillard,Erasmus
Mcfadden,Sarah
Rollins,Noelani
Mcdaniel,Neville
Shepard,Amir
Nash,Adena
Delacruz,Tarik
Walker,Coby
Cooper,Lesley
Massey,Jarrod
Short,Alfonso
Sweet,Portia
Hernandez,Sydney
Chaney,Norman
Sandoval,Alexa
Pena,Dolan
Rosales,Chaney
Rojas,Kelsie
Marquez,Cameron
Mills,Hayes
Mays,Stewart
Fernandez,Selma
Higgins,Noble
Gonzales,Slade
Daniel,Devin
Black,Finn
Horne,Samson
Graham,Hope
Espinoza,Lynn
Morgan,Christian
Underwood,Jena
Anthony,Evangeline
Lewis,Connor
Carney,Orlando
Fuller,Prescott
Sanchez,Reed
Roberson,Chancellor
Hinton,Aidan
Larsen,Ayanna
Frazier,Xander
Fletcher,Haley
Randolph,Kyla
Lane,Tobias
Rowland,Fiona
Randall,Solomon
Compton,Emery
Barr,Donovan
Jensen,Stuart
Holman,Lev
Velez,Josiah
Wolfe,Kiayada
Barrett,Meghan
Mccall,Rhonda
Ortiz,Maxwell
Vazquez,Maris
Dotson,Caldwell
Stout,Juliet
Raymond,Scarlett
Jordan,Honorato
Franklin,Gretchen
Wood,Jackson
Jacobson,Hadassah
Rocha,Heather
Camacho,Zia
Bradley,Miranda
Kidd,Karyn
Lester,George
Richmond,Rebecca
Whitfield,Jason
Hammond,Cullen
Bentley,Nola
Collins,Alec
Mcclure,Vera
Woods,Barbara
Cote,Tyrone
Whitehead,Jayme
Shelton,Carl
Love,Cassidy
Joyner,Kermit
Rojas,Paula
Mooney,Fuller
Romero,Keelie
Pittman,Kalia
Contreras,Nell
Frost,Tanisha
Foreman,Buckminster
Mccray,Ryan
Walls,Hector
Elliott,Zachary
Gilliam,Xavier
Hooper,Seth
Park,Adena
Patel,Judah
Gay,Josephine
English,Joshua
Gill,Fleur
Saunders,Miriam
Gardner,Adena
Dyer,Omar
Whitney,Reed
Strickland,Wesley
Cooley,Lewis
Cannon,Timon
Benton,Elton
Hall,Judah
West,Merrill
Soto,Arthur
Chapman,Xander
Shaw,Jaquelyn
Mueller,Adria
Olsen,Kiona
Villarreal,Francesca
Lawson,Phelan
Sawyer,Adele
Benjamin,Shay
Webb,Amir
Mitchell,Kylan
Farmer,Hayfa
Salas,Stuart
Morales,Brody
Ball,Berk
Stein,Acton
Pruitt,Elizabeth
Kelley,Gemma
Chambers,Remedios
Ellison,Hayley
Fuentes,Kessie
Noel,Amery
Bell,Odette
Cervantes,Phelan
Byrd,Ruby
Tillman,Oleg
Wade,Orlando
Foster,Brian
Olson,Imelda
Macias,Amber
Wilkinson,Maris
Huber,Rigel
Blevins,Veda
Scott,Sawyer
Klein,Deanna
Whitley,Christen
Ramsey,Cheyenne
Rivas,Orson
Frederick,Chloe
Cotton,Ivan
Malone,Julie
Ballard,Hashim
Drake,Erasmus
Walls,Jasper
Lott,Ivana
O'connor,Brady
Hahn,Kasper
Lloyd,Nicole
Mcfadden,Micah
Kinney,Caesar
Dudley,Charde
Burnett,Paloma
Schultz,Angelica
Solis,Rhonda
Saunders,Hiram
Foley,Regina
Torres,Lydia
Rivera,Galena
Randolph,Nero
Carroll,Victor
Hopper,Yuli
Holloway,Carl
Kline,Margaret
Beasley,Carly
Prince,Joshua
Harrington,Shaine
Allen,Abigail
Bray,Zelda
Baxter,Vladimir
Cervantes,Roanna
Mosley,Armando
Mcmillan,Reed
Boone,Althea
Gomez,Erich
Padilla,Michael
Hale,Arthur
Hahn,Timothy
Mcfadden,Warren
Richard,Paloma
Woodard,Jeanette
Wooten,Laith
Kirk,Gwendolyn
Mcclain,Brennan
Dalton,Courtney
Curtis,Keegan
Allison,Nevada
Elliott,Illiana
Baker,Kylie
Glenn,Mufutau
Ellis,Robin
Santos,Bryar
Walter,Kirsten
Frost,Bert
Michael,Daquan
Rocha,Marsden
Lara,Isaiah
Hatfield,Wing
Williams,Veda
Potts,Leandra
Henson,Tucker
Olsen,Duncan
Bush,Lynn
Dillard,Shafira
Rowe,Yardley
Bradshaw,Joshua
Peterson,Dante
Hicks,Angela
Leon,Aspen
Pearson,Garrett
Mercer,Eve
Valencia,Ignacia
Powell,Rooney
Stewart,Bruno
Vazquez,Dean
Giles,Raya
Hinton,Leroy
Haynes,Avye
Dickerson,Shea
Banks,Lilah
Pennington,Richard
Glass,Miriam
Hubbard,Erasmus
Gentry,Shana
Alford,Macy
Hill,Mufutau
Goff,Regina
Wagner,Hanna
Hogan,Charles
Singleton,Benedict
Stewart,Kyle
Logan,August
Cameron,Cameron
Livingston,Murphy
Landry,Aspen
Whitfield,Arden
Stuart,Eliana
Simon,Baker
Harmon,Amelia
Hunt,Alexander
Fitzpatrick,Suki
Cole,TaShya
Tillman,Hilary
Hensley,Nasim
Dickerson,Holmes
Cain,Abra
Dickerson,Jacob
Christensen,Audra
Kelly,Mikayla
Nieves,Eric
Gross,Leila
Dillard,Angelica
Dunn,Ora
Mcdaniel,Raven
Cash,Stewart
Lamb,Camille
Clay,Brianna
Fox,Martin
Ortiz,Herman
Kelley,Caldwell
Morris,Baxter
Burris,Maia
Horne,Kenneth
Calderon,Jane
Garner,Denise
Houston,MacKensie
Mccall,Cassandra
Meyer,Ursa
Randolph,Sopoline
Glenn,Joseph
Rhodes,Heidi
Lindsey,Heather
Frazier,Elliott
Herman,Devin
Preston,Nola
Levy,Henry
Tyson,Fay
Hanson,Shelly
Villarreal,Miranda
Bass,Len
Suarez,Phelan
Holland,Jamal
Mcpherson,Tallulah
Reynolds,Timothy
O'brien,Branden
Cobb,Quon
Larson,Kaseem
Higgins,Allegra
Small,Clayton
Meyers,Peter
Christensen,Susan
Peck,Fredericka
Savage,Mira
Tyson,Zena
Mays,Amy
Garrison,Preston
Frederick,Leonard
Carey,Keiko
Stuart,Amena
Watts,Sasha
Holder,Pamela
Wong,Fay
Eaton,Iona
Mooney,Germane
Monroe,Melyssa
Wright,Zachery
Wells,Joshua
Rasmussen,Oleg
Clements,Vivien
Caldwell,Octavia
Cole,Fulton
Fitzgerald,Hakeem
Hancock,Jin
Price,Scott
O'donnell,Geoffrey
Mcfadden,Kyle
Conley,Kai
Petersen,Eric
Skinner,Jasper
Marks,Jaden
Christian,Mechelle
Harrison,Janna
Johnston,Nelle
Kidd,September
Conway,Brett
Long,Upton
Bright,Seth
Bean,Owen
Turner,Priscilla
Padilla,Vaughan
Sykes,Geoffrey
Velez,Amanda
Galloway,Ciara
Newton,Jeremy
Best,Daryl
Bean,Maisie
Harris,Bruno
Mercado,Patrick
Sosa,Britanney
Hester,Brianna
Massey,Darrel
Conner,Charity
Santana,Deacon
Blackwell,Burke
Dickson,Brennan
Weeks,Herrod
Vaughn,Ishmael
Joseph,Walter
Frost,Jacqueline
Curry,Piper
Barron,Mikayla
Mason,Kalia
Suarez,Alec
Hyde,Maile
Ryan,Finn
Craft,Margaret
Vaughn,Tamekah
Mccray,Nevada
Richmond,Susan
Cross,Natalie
Hardin,Phoebe
Carney,Echo
Hamilton,Adam
Frost,Fiona
Chase,Genevieve
Casey,Dominic
Bennett,Lyle
Barr,Josephine
Mcguire,Chaim
Williamson,Carl
Shelton,Jael
Murphy,Jolie
Paul,Victoria
Foreman,Jena
York,Paki
Kirkland,Murphy
Roth,Xavier
Johnston,Allegra
Simpson,Mark
Klein,Ulysses
Zamora,Austin
Ellison,Allistair
Gomez,Yael
Trujillo,Cheryl
Young,Hall
Weeks,Macon
Holloway,Driscoll
Brewer,Amir
Roberson,Clayton
Beach,Remedios
Cantu,Imani
Abbott,Robin
Chen,Jillian
Zamora,Sasha
Chen,Thor
Bird,Evan
Wilkins,Dominic
Harris,Ann
Gallegos,Molly
Greer,Malachi
Lawson,Victoria
Vega,Davis
Rhodes,Jolie
Dodson,Darrel
Vargas,Kimberly
Doyle,Hammett
Day,Jamal
Frost,Erica
Woodard,Daquan
Bruce,Phelan
Christian,Julian
Ruiz,Eleanor
Monroe,Fritz
Hodges,Nash
Anderson,Shafira
Shepherd,Briar
Whitfield,Skyler
Blanchard,Mechelle
Mcdowell,Lacey
Fisher,Stephanie
Mitchell,Kathleen
Ballard,Travis
Huber,Joshua
Parker,Mannix
Allen,Katell
Hart,Germane
Chen,Kim
Torres,Alec
Potter,Lester
Dunlap,Stella
Norman,Jared
Campos,TaShya
Cherry,Hayes
Mcguire,Aladdin
Hatfield,Bo
Hughes,Samson
Walls,Edan
Hopkins,Daryl
Olson,Peter
Cantrell,Rudyard
Lopez,Kadeem
Acosta,Inez
Stone,Thane
Case,Luke
Pope,Timothy
Hess,Miranda
Solis,Yoko
Mcintyre,Dexter
Castaneda,Tamara
Burch,Baker
Charles,Daniel
Christian,Emi
Cantu,Savannah
Copeland,Christopher
Santana,Samson
Garner,Mara
Morrow,Mariko
Singleton,Kelly
Sandoval,Alfreda
Mcdonald,Shelley
Espinoza,Sonya
Reed,Joan
Baird,Galena
Sparks,Hashim
Salazar,Ross
Burke,Murphy
Harrington,Patricia
Dixon,Derek
Day,Hanae
Vang,Autumn
Levy,Gabriel
Camacho,Lunea
Pratt,James
Fitzgerald,Callum
Brady,Jakeem
Sherman,Hayley
Conrad,Alvin
Bond,Cruz
Delgado,Davis
Allen,Whilemina
Sharp,Quintessa
Franco,Blake
Vazquez,Fitzgerald
Mcfadden,Leila
Booth,Finn
Dominguez,Ciaran
Mcclain,Solomon
Mclaughlin,Rosalyn
Woodward,Kylie
Fletcher,Illana
Mcconnell,Zane
Chase,Alexandra
Santos,Demetria
Molina,Nasim
